{
	"info": {
		"_postman_id": "27cc9d70-58af-4804-aa7d-5294ae03cd78",
		"name": "django_ecommerce",
		"schema": "https://schema.getpostman.com/json/collection/v2.1.0/collection.json",
		"_exporter_id": "26054989"
	},
	"item": [
		{
			"name": "products",
			"item": [
				{
					"name": "create_product",
					"request": {
						"auth": {
							"type": "bearer",
							"bearer": [
								{
									"key": "token",
									"value": "{{token}}",
									"type": "string"
								}
							]
						},
						"method": "POST",
						"header": [],
						"body": {
							"mode": "raw",
							"raw": "{\r\n    \"name\": \"mCaffiene Hair Serum\",\r\n    \"description\": \"For hair growth\",\r\n    \"price\": \"99.00\",\r\n    \"brand\": \"mCaffiene\",\r\n    \"category\": \"Home\",\r\n    \"stock\": 81\r\n}",
							"options": {
								"raw": {
									"language": "json"
								}
							}
						},
						"url": {
							"raw": "{{domain}}/api/products/create/",
							"host": [
								"{{domain}}"
							],
							"path": [
								"api",
								"products",
								"create",
								""
							]
						}
					},
					"response": []
				},
				{
					"name": "update_product",
					"request": {
						"auth": {
							"type": "bearer",
							"bearer": [
								{
									"key": "token",
									"value": "{{token}}",
									"type": "string"
								}
							]
						},
						"method": "PUT",
						"header": [],
						"body": {
							"mode": "raw",
							"raw": "{\r\n    // \"name\": \"Kia Syros\",\r\n    // \"description\": \"Sub 4m premium compact SUV\",\r\n    // \"price\": \"99001.00\",\r\n    // \"brand\": \"Kia\",\r\n    // \"category\": \"Home\",\r\n    \"stock\": 8\r\n}",
							"options": {
								"raw": {
									"language": "json"
								}
							}
						},
						"url": {
							"raw": "{{domain}}/api/products/3/update/",
							"host": [
								"{{domain}}"
							],
							"path": [
								"api",
								"products",
								"3",
								"update",
								""
							]
						}
					},
					"response": []
				},
				{
					"name": "get_products",
					"protocolProfileBehavior": {
						"disableBodyPruning": true
					},
					"request": {
						"method": "GET",
						"header": [],
						"body": {
							"mode": "raw",
							"raw": ""
						},
						"url": {
							"raw": "{{domain}}/api/products/?page=",
							"host": [
								"{{domain}}"
							],
							"path": [
								"api",
								"products",
								""
							],
							"query": [
								{
									"key": "category",
									"value": "Electronics",
									"disabled": true
								},
								{
									"key": "brand",
									"value": "Sony",
									"disabled": true
								},
								{
									"key": "keyword",
									"value": "xm",
									"disabled": true
								},
								{
									"key": "min_price",
									"value": "20000",
									"disabled": true
								},
								{
									"key": "max_price",
									"value": "25000",
									"disabled": true
								},
								{
									"key": "page",
									"value": ""
								}
							]
						}
					},
					"response": []
				},
				{
					"name": "get_product",
					"protocolProfileBehavior": {
						"disableBodyPruning": true
					},
					"request": {
						"method": "GET",
						"header": [],
						"body": {
							"mode": "raw",
							"raw": ""
						},
						"url": {
							"raw": "{{domain}}/api/products/2/",
							"host": [
								"{{domain}}"
							],
							"path": [
								"api",
								"products",
								"2",
								""
							]
						}
					},
					"response": []
				},
				{
					"name": "delete_product",
					"request": {
						"auth": {
							"type": "bearer",
							"bearer": [
								{
									"key": "token",
									"value": "{{token}}",
									"type": "string"
								}
							]
						},
						"method": "DELETE",
						"header": [],
						"body": {
							"mode": "raw",
							"raw": "",
							"options": {
								"raw": {
									"language": "json"
								}
							}
						},
						"url": {
							"raw": "{{domain}}/api/products/1/delete/",
							"host": [
								"{{domain}}"
							],
							"path": [
								"api",
								"products",
								"1",
								"delete",
								""
							]
						}
					},
					"response": []
				},
				{
					"name": "upload_images",
					"request": {
						"auth": {
							"type": "bearer",
							"bearer": [
								{
									"key": "token",
									"value": "{{token}}",
									"type": "string"
								}
							]
						},
						"method": "POST",
						"header": [],
						"body": {
							"mode": "formdata",
							"formdata": [
								{
									"key": "product",
									"value": "3",
									"type": "text"
								},
								{
									"key": "images",
									"type": "file",
									"src": "postman-cloud:///1f046943-e934-4b70-b83d-9eb69b5dc468"
								}
							]
						},
						"url": {
							"raw": "{{domain}}/api/products/upload-images/",
							"host": [
								"{{domain}}"
							],
							"path": [
								"api",
								"products",
								"upload-images",
								""
							]
						}
					},
					"response": []
				},
				{
					"name": "add_review",
					"request": {
						"auth": {
							"type": "bearer",
							"bearer": [
								{
									"key": "token",
									"value": "{{token}}",
									"type": "string"
								}
							]
						},
						"method": "POST",
						"header": [],
						"body": {
							"mode": "raw",
							"raw": "{\r\n    \"rating\": 7.90,\r\n    \"comment\": \"Very Good!!! Useful Product!!!\"\r\n}",
							"options": {
								"raw": {
									"language": "json"
								}
							}
						},
						"url": {
							"raw": "{{domain}}/api/products/2/add-review/",
							"host": [
								"{{domain}}"
							],
							"path": [
								"api",
								"products",
								"2",
								"add-review",
								""
							]
						}
					},
					"response": []
				},
				{
					"name": "delete_review",
					"request": {
						"auth": {
							"type": "bearer",
							"bearer": [
								{
									"key": "token",
									"value": "{{token}}",
									"type": "string"
								}
							]
						},
						"method": "DELETE",
						"header": [],
						"body": {
							"mode": "raw",
							"raw": "",
							"options": {
								"raw": {
									"language": "json"
								}
							}
						},
						"url": {
							"raw": "{{domain}}/api/products/3/delete-review/",
							"host": [
								"{{domain}}"
							],
							"path": [
								"api",
								"products",
								"3",
								"delete-review",
								""
							]
						}
					},
					"response": []
				}
			]
		},
		{
			"name": "errors",
			"item": [
				{
					"name": "error_handler",
					"request": {
						"method": "GET",
						"header": [],
						"url": {
							"raw": "{{domain}}/api/test-500/",
							"host": [
								"{{domain}}"
							],
							"path": [
								"api",
								"test-500",
								""
							]
						}
					},
					"response": []
				}
			]
		},
		{
			"name": "accounts",
			"item": [
				{
					"name": "register",
					"request": {
						"method": "POST",
						"header": [],
						"body": {
							"mode": "raw",
							"raw": "{\r\n    \"first_name\": \"Donald\",\r\n    \"last_name\": \"Dadu\",\r\n    \"email\": \"dadu@gmail.com\",\r\n    \"password\": \"sthreedhanam\"\r\n}",
							"options": {
								"raw": {
									"language": "json"
								}
							}
						},
						"url": {
							"raw": "{{domain}}/api/register/",
							"host": [
								"{{domain}}"
							],
							"path": [
								"api",
								"register",
								""
							]
						}
					},
					"response": []
				},
				{
					"name": "update_user",
					"request": {
						"auth": {
							"type": "bearer",
							"bearer": [
								{
									"key": "token",
									"value": "{{token}}",
									"type": "string"
								}
							]
						},
						"method": "PUT",
						"header": [],
						"body": {
							"mode": "raw",
							"raw": "{\r\n    \"first_name\": \"Donald Trump 3466\",\r\n    \"last_name\": \"Dadu Bwoi 3\",\r\n    \"email\": \"dadu1234567@gmail.com\",\r\n    \"password\": \"heythere\"\r\n}",
							"options": {
								"raw": {
									"language": "json"
								}
							}
						},
						"url": {
							"raw": "{{domain}}/api/update-user/",
							"host": [
								"{{domain}}"
							],
							"path": [
								"api",
								"update-user",
								""
							]
						}
					},
					"response": []
				},
				{
					"name": "login",
					"event": [
						{
							"listen": "test",
							"script": {
								"exec": [
									"let jsonData = pm.response.json();\r",
									"console.log(jsonData);  // Check if the whole response is logged\r",
									"\r",
									"if (jsonData.access) {\r",
									"    pm.environment.set(\"token\", jsonData.access);\r",
									"    console.log(\"Token set successfully:\", jsonData.access);\r",
									"} else {\r",
									"    console.log(\"Access token not found in response.\");\r",
									"}\r",
									""
								],
								"type": "text/javascript",
								"packages": {}
							}
						},
						{
							"listen": "prerequest",
							"script": {
								"exec": [
									""
								],
								"type": "text/javascript",
								"packages": {}
							}
						}
					],
					"request": {
						"method": "POST",
						"header": [],
						"body": {
							"mode": "raw",
							"raw": "{\r\n    \"username\": \"dadu1234567@gmail.com\",\r\n    \"password\": \"dadu_love\"\r\n    // \"username\": \"aleenalibera1999@yahooo.com\",\r\n    // \"password\": \"prettylittlebaby123\"\r\n    // \"username\": \"anand\",\r\n    // \"password\": \"superuser\"\r\n}",
							"options": {
								"raw": {
									"language": "json"
								}
							}
						},
						"url": {
							"raw": "{{domain}}/api/token/",
							"host": [
								"{{domain}}"
							],
							"path": [
								"api",
								"token",
								""
							]
						}
					},
					"response": []
				},
				{
					"name": "get_user",
					"protocolProfileBehavior": {
						"disableBodyPruning": true
					},
					"request": {
						"auth": {
							"type": "bearer",
							"bearer": [
								{
									"key": "token",
									"value": "{{token}}",
									"type": "string"
								}
							]
						},
						"method": "GET",
						"header": [
							{
								"key": "Authorization",
								"value": "Bearer eyJhbGciOiJIUzI1NiIsInR5cCI6IkpXVCJ9.eyJ0b2tlbl90eXBlIjoiYWNjZXNzIiwiZXhwIjoxNzQ5NDE4NjMyLCJpYXQiOjE3NDk0MTUwMzIsImp0aSI6IjYwN2M1M2FiZWMyNDQ5NGZiYWE3N2I3NTU4NjJmN2I1IiwidXNlcl9pZCI6Mn0.9nHj8BlRDwS9nbaSGEAT-5ZARblCoafrovrMDPg8DK4",
								"type": "text",
								"disabled": true
							}
						],
						"body": {
							"mode": "raw",
							"raw": ""
						},
						"url": {
							"raw": "{{domain}}/api/get-user/",
							"host": [
								"{{domain}}"
							],
							"path": [
								"api",
								"get-user",
								""
							]
						}
					},
					"response": []
				},
				{
					"name": "forgot_password",
					"request": {
						"method": "POST",
						"header": [],
						"body": {
							"mode": "raw",
							"raw": "{\r\n    \"email\": \"aleenalibera1999@yahooo.com\"\r\n}",
							"options": {
								"raw": {
									"language": "json"
								}
							}
						},
						"url": {
							"raw": "{{domain}}/api/forgot-password/",
							"host": [
								"{{domain}}"
							],
							"path": [
								"api",
								"forgot-password",
								""
							]
						}
					},
					"response": []
				},
				{
					"name": "reset_password",
					"request": {
						"method": "POST",
						"header": [],
						"body": {
							"mode": "raw",
							"raw": "{\r\n    \"password\": \"dadu_love\",\r\n    \"confirm_password\": \"dadu_love\"\r\n}",
							"options": {
								"raw": {
									"language": "json"
								}
							}
						},
						"url": {
							"raw": "http://127.0.0.1:8000/api/reset-password/8UPr1peqrB3iHHRkMDtsD3F3bdOSMsItlRwQLlgl/",
							"protocol": "http",
							"host": [
								"127",
								"0",
								"0",
								"1"
							],
							"port": "8000",
							"path": [
								"api",
								"reset-password",
								"8UPr1peqrB3iHHRkMDtsD3F3bdOSMsItlRwQLlgl",
								""
							]
						}
					},
					"response": []
				}
			]
		},
		{
			"name": "orders",
			"item": [
				{
					"name": "create_order",
					"request": {
						"auth": {
							"type": "bearer",
							"bearer": [
								{
									"key": "token",
									"value": "{{token}}",
									"type": "string"
								}
							]
						},
						"method": "POST",
						"header": [],
						"body": {
							"mode": "raw",
							"raw": "{\r\n  \"street\": \"123 Main St\",\r\n  \"city\": \"New York\",\r\n  \"state\": \"NY\",\r\n  \"zip_code\": \"10001\",\r\n  \"phone_number\": \"1234567890\",\r\n  \"country\": \"USA\",\r\n  \"payment_method\": \"cash_on_delivery\",\r\n  \"order_items\": [\r\n    {\r\n      \"product\": 2,\r\n      \"quantity\": 2\r\n    }\r\n  ]\r\n}",
							"options": {
								"raw": {
									"language": "json"
								}
							}
						},
						"url": {
							"raw": "{{domain}}/api/orders/create/",
							"host": [
								"{{domain}}"
							],
							"path": [
								"api",
								"orders",
								"create",
								""
							]
						}
					},
					"response": []
				},
				{
					"name": "get_orders",
					"protocolProfileBehavior": {
						"disableBodyPruning": true
					},
					"request": {
						"auth": {
							"type": "bearer",
							"bearer": [
								{
									"key": "token",
									"value": "{{token}}",
									"type": "string"
								}
							]
						},
						"method": "GET",
						"header": [],
						"body": {
							"mode": "raw",
							"raw": ""
						},
						"url": {
							"raw": "{{domain}}/api/orders/get/",
							"host": [
								"{{domain}}"
							],
							"path": [
								"api",
								"orders",
								"get",
								""
							],
							"query": [
								{
									"key": "page",
									"value": "1",
									"disabled": true
								},
								{
									"key": "payment_method",
									"value": "credit_card",
									"disabled": true
								}
							]
						}
					},
					"response": []
				},
				{
					"name": "get_order",
					"protocolProfileBehavior": {
						"disableBodyPruning": true
					},
					"request": {
						"auth": {
							"type": "bearer",
							"bearer": [
								{
									"key": "token",
									"value": "{{token}}",
									"type": "string"
								}
							]
						},
						"method": "GET",
						"header": [],
						"body": {
							"mode": "raw",
							"raw": ""
						},
						"url": {
							"raw": "{{domain}}/api/orders/15/",
							"host": [
								"{{domain}}"
							],
							"path": [
								"api",
								"orders",
								"15",
								""
							]
						}
					},
					"response": []
				},
				{
					"name": "process_order",
					"request": {
						"auth": {
							"type": "bearer",
							"bearer": [
								{
									"key": "token",
									"value": "{{token}}",
									"type": "string"
								}
							]
						},
						"method": "PUT",
						"header": [],
						"body": {
							"mode": "raw",
							"raw": "{\r\n    \"order_status\": \"shipped\",\r\n    \"payment_status\": \"paid\"\r\n}",
							"options": {
								"raw": {
									"language": "json"
								}
							}
						},
						"url": {
							"raw": "{{domain}}/api/orders/2/process/",
							"host": [
								"{{domain}}"
							],
							"path": [
								"api",
								"orders",
								"2",
								"process",
								""
							]
						}
					},
					"response": []
				},
				{
					"name": "delete_order",
					"request": {
						"auth": {
							"type": "bearer",
							"bearer": [
								{
									"key": "token",
									"value": "{{token}}",
									"type": "string"
								}
							]
						},
						"method": "DELETE",
						"header": [],
						"url": {
							"raw": "{{domain}}/api/orders/2/delete/",
							"host": [
								"{{domain}}"
							],
							"path": [
								"api",
								"orders",
								"2",
								"delete",
								""
							]
						}
					},
					"response": []
				},
				{
					"name": "create_checkout_session",
					"request": {
						"auth": {
							"type": "bearer",
							"bearer": [
								{
									"key": "token",
									"value": "{{token}}",
									"type": "string"
								}
							]
						},
						"method": "POST",
						"header": [],
						"body": {
							"mode": "raw",
							"raw": "{\r\n  \"street\": \"VP Marakkar Road\",\r\n  \"city\": \"Edapally\",\r\n  \"state\": \"Kerala\",\r\n  \"zip_code\": \"682024\",\r\n  \"phone_number\": \"1234567890\",\r\n  \"country\": \"India\",\r\n  \"order_items\": [\r\n    {\r\n      \"product\": 2,\r\n      \"quantity\": 4\r\n    }\r\n  ]\r\n}",
							"options": {
								"raw": {
									"language": "json"
								}
							}
						},
						"url": {
							"raw": "{{domain}}/api/create-checkout-session/",
							"host": [
								"{{domain}}"
							],
							"path": [
								"api",
								"create-checkout-session",
								""
							]
						}
					},
					"response": []
				}
			]
		}
	],
	"event": [
		{
			"listen": "prerequest",
			"script": {
				"type": "text/javascript",
				"packages": {},
				"exec": [
					""
				]
			}
		},
		{
			"listen": "test",
			"script": {
				"type": "text/javascript",
				"packages": {},
				"exec": [
					""
				]
			}
		}
	],
	"variable": [
		{
			"key": "domain",
			"value": "http://127.0.0.1:8000/",
			"type": "string"
		}
	]
}